fixing_commit_hash,introducing_commit_hash,file_path,issue_keys,fixing_date,introducing_date
3cb1fe2cc87c55d3d86823588f8bf6a110320072,224a729f44f554af311ca52cf01b105ded87499b,R/parsers.R,4,2020-05-23T16:47:52-10:00,2020-05-23T05:12:20-10:00
3cb1fe2cc87c55d3d86823588f8bf6a110320072,224a729f44f554af311ca52cf01b105ded87499b,vignettes/network_parsers.Rmd,4,2020-05-23T16:47:52-10:00,2020-05-23T05:12:20-10:00
e1ab8e1482b9d4c262c30979caf72a4f689efab3,b931ea9f0f080d00c953832026553e752ea54cc2,R/parsers.R,25,2020-05-28T04:42:46-10:00,2020-05-27T05:23:28-10:00
7ee45d3861714e4fa93a2e17af203d7570b55031,aa46bd784e2a74febd0846a8048f4b8511b08306,README.md,6,2020-05-28T05:03:54-10:00,2020-05-28T05:01:57-10:00
c537af9b0b63908f8d48a9e9640d61ee6efae940,3caa577df60cf259c9c5d3392259c0722d28eb44,DESCRIPTION,41,2020-06-05T01:32:03-10:00,2020-05-28T04:27:22-10:00
c537af9b0b63908f8d48a9e9640d61ee6efae940,59953167e53e8844e3a165057ca0a77b10fa4412,vignettes/churn_metrics.Rmd,41,2020-06-05T01:32:03-10:00,2020-05-27T03:04:49-10:00
c537af9b0b63908f8d48a9e9640d61ee6efae940,8e0ac196b7b4198c3cce335d702ebecba6bc24b6,vignettes/depends_showcase.Rmd,41,2020-06-05T01:32:03-10:00,2020-05-27T23:59:14-10:00
c537af9b0b63908f8d48a9e9640d61ee6efae940,3caa577df60cf259c9c5d3392259c0722d28eb44,vignettes/depends_showcase.Rmd,41,2020-06-05T01:32:03-10:00,2020-05-28T04:27:22-10:00
c537af9b0b63908f8d48a9e9640d61ee6efae940,224a729f44f554af311ca52cf01b105ded87499b,vignettes/gitlog_showcase.Rmd,41,2020-06-05T01:32:03-10:00,2020-05-23T05:12:20-10:00
c537af9b0b63908f8d48a9e9640d61ee6efae940,4026334e5068d2d1a0f713df183e803bc4797eb3,vignettes/gitlog_showcase.Rmd,41,2020-06-05T01:32:03-10:00,2020-05-30T05:50:44-10:00
c537af9b0b63908f8d48a9e9640d61ee6efae940,d69b8afbe195949bd79fe84ca46221d932b45f30,vignettes/gitlog_showcase.Rmd,41,2020-06-05T01:32:03-10:00,2020-05-27T04:06:44-10:00
c537af9b0b63908f8d48a9e9640d61ee6efae940,b6de596e05c515af6b08e97ef5f4fa6f598f536d,vignettes/mailinglist_showcase.Rmd,41,2020-06-05T01:32:03-10:00,2020-05-28T04:39:55-10:00
6c62c97eeb5668515f14495019117662184ebd15,8e0ac196b7b4198c3cce335d702ebecba6bc24b6,vignettes/depends_showcase.Rmd,30;46,2020-06-08T21:28:08-10:00,2020-05-27T23:59:14-10:00
6c62c97eeb5668515f14495019117662184ebd15,3caa577df60cf259c9c5d3392259c0722d28eb44,vignettes/depends_showcase.Rmd,30;46,2020-06-08T21:28:08-10:00,2020-05-28T04:27:22-10:00
6c62c97eeb5668515f14495019117662184ebd15,c537af9b0b63908f8d48a9e9640d61ee6efae940,vignettes/gitlog_showcase.Rmd,30;46,2020-06-08T21:28:08-10:00,2020-06-05T01:32:03-10:00
6c62c97eeb5668515f14495019117662184ebd15,8b1ace31495a923cd462d95b5e89a108d19e5d16,vignettes/gitlog_showcase.Rmd,30;46,2020-06-08T21:28:08-10:00,2020-05-27T04:32:18-10:00
6c62c97eeb5668515f14495019117662184ebd15,05dc1768f3e7d4c53881448222cc8cc06d2a52da,vignettes/gitlog_showcase.Rmd,30;46,2020-06-08T21:28:08-10:00,2020-05-27T16:20:01-10:00
6c62c97eeb5668515f14495019117662184ebd15,a4f7cbc4cb583e25548d7f84cd3330837d58d1eb,vignettes/interval_and_metric_showcase.Rmd,30;46,2020-06-08T21:28:08-10:00,2020-06-06T05:58:04-10:00
2e82dc417c038a43e04558cc919885d5def84b7e,224a729f44f554af311ca52cf01b105ded87499b,DESCRIPTION,53,2020-06-16T00:01:18-10:00,2020-05-23T05:12:20-10:00
2e82dc417c038a43e04558cc919885d5def84b7e,d69b8afbe195949bd79fe84ca46221d932b45f30,DESCRIPTION,53,2020-06-16T00:01:18-10:00,2020-05-27T04:06:44-10:00
2e82dc417c038a43e04558cc919885d5def84b7e,b16a46a6632649651bfe244e5b464a102fe83fbd,R/string.R,53,2020-06-16T00:01:18-10:00,2020-05-30T05:46:16-10:00
2e82dc417c038a43e04558cc919885d5def84b7e,96f80d12b4079eb47a2e713ef53e7fd395c0b4e7,man/parse_cve_cwe_file_network.Rd,53,2020-06-16T00:01:18-10:00,2020-06-13T19:00:21-10:00
2e82dc417c038a43e04558cc919885d5def84b7e,a33a93a4e8ae27e9182ba4e9dfe11a4089c120ad,man/parse_dependencies_network.Rd,53,2020-06-16T00:01:18-10:00,2020-06-05T00:52:37-10:00
2e82dc417c038a43e04558cc919885d5def84b7e,8e0ac196b7b4198c3cce335d702ebecba6bc24b6,vignettes/depends_showcase.Rmd,53,2020-06-16T00:01:18-10:00,2020-05-27T23:59:14-10:00
2e82dc417c038a43e04558cc919885d5def84b7e,a4f7cbc4cb583e25548d7f84cd3330837d58d1eb,vignettes/interval_and_metric_showcase.Rmd,53,2020-06-16T00:01:18-10:00,2020-06-06T05:58:04-10:00
2e82dc417c038a43e04558cc919885d5def84b7e,b6de596e05c515af6b08e97ef5f4fa6f598f536d,vignettes/mailinglist_showcase.Rmd,53,2020-06-16T00:01:18-10:00,2020-05-28T04:39:55-10:00
2e82dc417c038a43e04558cc919885d5def84b7e,b16a46a6632649651bfe244e5b464a102fe83fbd,vignettes/merging_networks_showcase.Rmd,53,2020-06-16T00:01:18-10:00,2020-05-30T05:46:16-10:00
252a43b45f93593d8b75d61da4c14e48056d7ea4,f0f125b5df1ea537f4c58ed5c4a6a23997c67aae,R/ast.R,84,2020-08-10T20:59:01-10:00,2020-06-08T03:59:08-10:00
71dae8b29851453d58d85cdf331f42f79d9145e3,f0c82dcf4fe7a849e53dadad7352118841d31b11,tools.yml,75,2021-05-06T00:48:27-10:00,2020-08-10T00:46:10-10:00
257723dd33a1e765f9a0997b4e54ee55dde4a10f,2e82dc417c038a43e04558cc919885d5def84b7e,R/interval.R,104,2021-05-29T20:34:04-10:00,2020-06-16T00:01:18-10:00
509036449aed50389cd2949c3904b694ef284dab,9610584357e6e74b8ea2c788369bcc75aab39ba5,R/download.R,107;109,2021-07-15T13:06:08-10:00,2021-05-29T12:42:16-10:00
b983da4633377931853ae03d6806668c2bae0d96,ce80284b725b7ad2910e504c6c6a8c4ab1065436,DESCRIPTION,102;107,2021-07-15T16:40:19-10:00,2021-07-15T04:00:46-10:00
b983da4633377931853ae03d6806668c2bae0d96,eb022fb2ffc8d23725dad842e55a05d9a6e59cf5,DESCRIPTION,102;107,2021-07-15T16:40:19-10:00,2021-05-22T11:04:51-10:00
b983da4633377931853ae03d6806668c2bae0d96,9610584357e6e74b8ea2c788369bcc75aab39ba5,DESCRIPTION,102;107,2021-07-15T16:40:19-10:00,2021-05-29T12:42:16-10:00
2ef0aefdb9e2c46670bb29aa1da24ea94b06251e,46b9d0575f567c4d64cd7cdd38699c29b2f6dcb0,DESCRIPTION,110,2021-07-16T05:45:31-10:00,2020-07-17T19:28:17-10:00
2ef0aefdb9e2c46670bb29aa1da24ea94b06251e,2e82dc417c038a43e04558cc919885d5def84b7e,R/metric.R,110,2021-07-16T05:45:31-10:00,2020-06-16T00:01:18-10:00
2ef0aefdb9e2c46670bb29aa1da24ea94b06251e,6c2d2aa33f4a35c84f4cf0aae3d85bfdf2f29bd6,R/metric.R,110,2021-07-16T05:45:31-10:00,2020-06-08T22:57:23-10:00
2ef0aefdb9e2c46670bb29aa1da24ea94b06251e,4b844cc8c978a51f23dae540e3400847db998eb7,vignettes/gitlog_showcase.Rmd,110,2021-07-16T05:45:31-10:00,2021-04-26T14:03:58-10:00
15f7b19e4dea00de9d687d23d1a51157694c6c98,4b844cc8c978a51f23dae540e3400847db998eb7,NAMESPACE,113,2021-07-17T04:58:59-10:00,2021-04-26T14:03:58-10:00
15f7b19e4dea00de9d687d23d1a51157694c6c98,4b844cc8c978a51f23dae540e3400847db998eb7,R/network.R,113,2021-07-17T04:58:59-10:00,2021-04-26T14:03:58-10:00
15f7b19e4dea00de9d687d23d1a51157694c6c98,4b844cc8c978a51f23dae540e3400847db998eb7,_pkgdown.yml,113,2021-07-17T04:58:59-10:00,2021-04-26T14:03:58-10:00
15f7b19e4dea00de9d687d23d1a51157694c6c98,4b844cc8c978a51f23dae540e3400847db998eb7,man/transform_commit_message_id_to_network.Rd,113,2021-07-17T04:58:59-10:00,2021-04-26T14:03:58-10:00
15f7b19e4dea00de9d687d23d1a51157694c6c98,4b844cc8c978a51f23dae540e3400847db998eb7,man/transform_cve_cwe_file_to_network.Rd,113,2021-07-17T04:58:59-10:00,2021-04-26T14:03:58-10:00
15f7b19e4dea00de9d687d23d1a51157694c6c98,4b844cc8c978a51f23dae540e3400847db998eb7,man/transform_dependencies_to_network.Rd,113,2021-07-17T04:58:59-10:00,2021-04-26T14:03:58-10:00
15f7b19e4dea00de9d687d23d1a51157694c6c98,4b844cc8c978a51f23dae540e3400847db998eb7,man/transform_gitlog_to_bipartite_network.Rd,113,2021-07-17T04:58:59-10:00,2021-04-26T14:03:58-10:00
15f7b19e4dea00de9d687d23d1a51157694c6c98,4b844cc8c978a51f23dae540e3400847db998eb7,man/transform_gitlog_to_entity_bipartite_network.Rd,113,2021-07-17T04:58:59-10:00,2021-04-26T14:03:58-10:00
15f7b19e4dea00de9d687d23d1a51157694c6c98,4b844cc8c978a51f23dae540e3400847db998eb7,man/transform_gitlog_to_entity_temporal_network.Rd,113,2021-07-17T04:58:59-10:00,2021-04-26T14:03:58-10:00
15f7b19e4dea00de9d687d23d1a51157694c6c98,4b844cc8c978a51f23dae540e3400847db998eb7,man/transform_gitlog_to_temporal_network.Rd,113,2021-07-17T04:58:59-10:00,2021-04-26T14:03:58-10:00
15f7b19e4dea00de9d687d23d1a51157694c6c98,4b844cc8c978a51f23dae540e3400847db998eb7,man/transform_reply_to_bipartite_network.Rd,113,2021-07-17T04:58:59-10:00,2021-04-26T14:03:58-10:00
15f7b19e4dea00de9d687d23d1a51157694c6c98,186710b2fdc6f0e1ebf81b077434ebca39729491,vignettes/community_detection_showcase.Rmd,113,2021-07-17T04:58:59-10:00,2021-07-15T03:46:59-10:00
15f7b19e4dea00de9d687d23d1a51157694c6c98,c537af9b0b63908f8d48a9e9640d61ee6efae940,vignettes/mailinglist_showcase.Rmd,113,2021-07-17T04:58:59-10:00,2020-06-05T01:32:03-10:00
15f7b19e4dea00de9d687d23d1a51157694c6c98,2e82dc417c038a43e04558cc919885d5def84b7e,vignettes/mailinglist_showcase.Rmd,113,2021-07-17T04:58:59-10:00,2020-06-16T00:01:18-10:00
15f7b19e4dea00de9d687d23d1a51157694c6c98,d156451a5df508722461a1cfa776f285638fc097,vignettes/mailinglist_showcase.Rmd,113,2021-07-17T04:58:59-10:00,2020-06-11T19:56:32-10:00
15f7b19e4dea00de9d687d23d1a51157694c6c98,b6de596e05c515af6b08e97ef5f4fa6f598f536d,vignettes/mailinglist_showcase.Rmd,113,2021-07-17T04:58:59-10:00,2020-05-28T04:39:55-10:00
15f7b19e4dea00de9d687d23d1a51157694c6c98,1c2b1f3b5632861629cbccee9b4161906951d735,vignettes/mailinglist_showcase.Rmd,113,2021-07-17T04:58:59-10:00,2020-06-16T02:33:57-10:00
15f7b19e4dea00de9d687d23d1a51157694c6c98,4b844cc8c978a51f23dae540e3400847db998eb7,vignettes/mailinglist_showcase.Rmd,113,2021-07-17T04:58:59-10:00,2021-04-26T14:03:58-10:00
9b76bf83c820a7554e929aafac9e2c6404529ecf,15f7b19e4dea00de9d687d23d1a51157694c6c98,NAMESPACE,120,2021-07-19T20:29:37-10:00,2021-07-17T04:58:59-10:00
9b76bf83c820a7554e929aafac9e2c6404529ecf,15f7b19e4dea00de9d687d23d1a51157694c6c98,R/parser.R,120,2021-07-19T20:29:37-10:00,2021-07-17T04:58:59-10:00
9b76bf83c820a7554e929aafac9e2c6404529ecf,15f7b19e4dea00de9d687d23d1a51157694c6c98,_pkgdown.yml,120,2021-07-19T20:29:37-10:00,2021-07-17T04:58:59-10:00
9b76bf83c820a7554e929aafac9e2c6404529ecf,2ef0aefdb9e2c46670bb29aa1da24ea94b06251e,conf/geronimo.yml,120,2021-07-19T20:29:37-10:00,2021-07-16T05:45:31-10:00
9b76bf83c820a7554e929aafac9e2c6404529ecf,15f7b19e4dea00de9d687d23d1a51157694c6c98,man/parse_commit_message_id.Rd,120,2021-07-19T20:29:37-10:00,2021-07-17T04:58:59-10:00
9b76bf83c820a7554e929aafac9e2c6404529ecf,15f7b19e4dea00de9d687d23d1a51157694c6c98,man/parse_dependencies.Rd,120,2021-07-19T20:29:37-10:00,2021-07-17T04:58:59-10:00
9b76bf83c820a7554e929aafac9e2c6404529ecf,15f7b19e4dea00de9d687d23d1a51157694c6c98,man/parse_gitlog.Rd,120,2021-07-19T20:29:37-10:00,2021-07-17T04:58:59-10:00
9b76bf83c820a7554e929aafac9e2c6404529ecf,15f7b19e4dea00de9d687d23d1a51157694c6c98,man/parse_jira_comments.Rd,120,2021-07-19T20:29:37-10:00,2021-07-17T04:58:59-10:00
9b76bf83c820a7554e929aafac9e2c6404529ecf,15f7b19e4dea00de9d687d23d1a51157694c6c98,man/parse_mbox.Rd,120,2021-07-19T20:29:37-10:00,2021-07-17T04:58:59-10:00
9b76bf83c820a7554e929aafac9e2c6404529ecf,15f7b19e4dea00de9d687d23d1a51157694c6c98,man/parse_nvdfeed.Rd,120,2021-07-19T20:29:37-10:00,2021-07-17T04:58:59-10:00
9b76bf83c820a7554e929aafac9e2c6404529ecf,2ef0aefdb9e2c46670bb29aa1da24ea94b06251e,vignettes/bug_count.Rmd,120,2021-07-19T20:29:37-10:00,2021-07-16T05:45:31-10:00
9b76bf83c820a7554e929aafac9e2c6404529ecf,2ef0aefdb9e2c46670bb29aa1da24ea94b06251e,vignettes/download_jira_data.Rmd,120,2021-07-19T20:29:37-10:00,2021-07-16T05:45:31-10:00
9b76bf83c820a7554e929aafac9e2c6404529ecf,15f7b19e4dea00de9d687d23d1a51157694c6c98,vignettes/reply_communication_showcase.Rmd,120,2021-07-19T20:29:37-10:00,2021-07-17T04:58:59-10:00
5a003899207fd55980a9d9df1c5584e339854508,460d4c2a81fe9479c014099da174235bcf28c6e3,man/github_api_project_commits.Rd,130,2021-09-20T04:13:58-07:00,2021-09-19T23:01:09-07:00
e17a54141d4d367cb61684b3d58a1afe2884d4a1,4b844cc8c978a51f23dae540e3400847db998eb7,R/parser.R,132;133,2021-09-26T00:14:33-07:00,2021-04-26T14:03:58-10:00
e17a54141d4d367cb61684b3d58a1afe2884d4a1,5a003899207fd55980a9d9df1c5584e339854508,R/parser.R,132;133,2021-09-26T00:14:33-07:00,2021-09-20T04:13:58-07:00
e17a54141d4d367cb61684b3d58a1afe2884d4a1,5a003899207fd55980a9d9df1c5584e339854508,man/parse_github_replies.Rd,132;133,2021-09-26T00:14:33-07:00,2021-09-20T04:13:58-07:00
e17a54141d4d367cb61684b3d58a1afe2884d4a1,5a003899207fd55980a9d9df1c5584e339854508,vignettes/download_github_comments.Rmd,132;133,2021-09-26T00:14:33-07:00,2021-09-20T04:13:58-07:00
e17a54141d4d367cb61684b3d58a1afe2884d4a1,15f7b19e4dea00de9d687d23d1a51157694c6c98,vignettes/reply_communication_showcase.Rmd,132;133,2021-09-26T00:14:33-07:00,2021-07-17T04:58:59-10:00
e17a54141d4d367cb61684b3d58a1afe2884d4a1,9b76bf83c820a7554e929aafac9e2c6404529ecf,vignettes/reply_communication_showcase.Rmd,132;133,2021-09-26T00:14:33-07:00,2021-07-19T20:29:37-10:00
e17a54141d4d367cb61684b3d58a1afe2884d4a1,045355d3605a3fd778e6e7f630fd5798da638b8c,vignettes/social_smell_showcase.Rmd,132;133,2021-09-26T00:14:33-07:00,2021-09-05T03:57:50-07:00
e17a54141d4d367cb61684b3d58a1afe2884d4a1,6e35597c092ca6198534844c03f2864145492d1a,vignettes/social_smell_showcase.Rmd,132;133,2021-09-26T00:14:33-07:00,2021-07-18T04:09:33-10:00
851097eed2462c437535379fd82d71a101ecf771,8e0ac196b7b4198c3cce335d702ebecba6bc24b6,R/parser.R,172,2023-04-13T03:43:40-07:00,2020-05-27T23:59:14-10:00
851097eed2462c437535379fd82d71a101ecf771,6c62c97eeb5668515f14495019117662184ebd15,vignettes/depends_showcase.Rmd,172,2023-04-13T03:43:40-07:00,2020-06-08T21:28:08-10:00
851097eed2462c437535379fd82d71a101ecf771,0677affcb3e4ca67f4f956880b96bd28391ed3f4,vignettes/depends_showcase.Rmd,172,2023-04-13T03:43:40-07:00,2021-09-26T21:02:23-07:00
851097eed2462c437535379fd82d71a101ecf771,c537af9b0b63908f8d48a9e9640d61ee6efae940,vignettes/depends_showcase.Rmd,172,2023-04-13T03:43:40-07:00,2020-06-05T01:32:03-10:00
6d407d629a2646b3bd00d45e483447b1db7b7c01,4b844cc8c978a51f23dae540e3400847db998eb7,R/parser.R,184,2023-04-14T14:11:21-07:00,2021-04-26T14:03:58-10:00
6d407d629a2646b3bd00d45e483447b1db7b7c01,77f0d667aba9a316734407d70c58152b8e5a2958,R/parser.R,184,2023-04-14T14:11:21-07:00,2020-05-24T20:14:46-10:00
a4725c5f152d9c6444c9650afed02611a7a44bb6,a6f3de4ddb5516220c72964c105e87b26cf80cdb,R/network.R,189,2023-04-14T17:38:42-07:00,2021-05-06T00:45:32-10:00
a4725c5f152d9c6444c9650afed02611a7a44bb6,8459acac8d5d42ce2dc326269bd4ea65b1a5f0da,R/network.R,189,2023-04-14T17:38:42-07:00,2020-07-18T03:51:28-10:00
a4725c5f152d9c6444c9650afed02611a7a44bb6,8e0ac196b7b4198c3cce335d702ebecba6bc24b6,R/parser.R,189,2023-04-14T17:38:42-07:00,2020-05-27T23:59:14-10:00
a4725c5f152d9c6444c9650afed02611a7a44bb6,186710b2fdc6f0e1ebf81b077434ebca39729491,vignettes/community_detection_showcase.Rmd,189,2023-04-14T17:38:42-07:00,2021-07-15T03:46:59-10:00
a4725c5f152d9c6444c9650afed02611a7a44bb6,6c62c97eeb5668515f14495019117662184ebd15,vignettes/depends_showcase.Rmd,189,2023-04-14T17:38:42-07:00,2020-06-08T21:28:08-10:00
a4725c5f152d9c6444c9650afed02611a7a44bb6,851097eed2462c437535379fd82d71a101ecf771,vignettes/depends_showcase.Rmd,189,2023-04-14T17:38:42-07:00,2023-04-13T03:43:40-07:00
174c435cafaf2ecb1f6a7bab3cbab72f582120ae,ba4da7cac66b3b767f358f0be37e63fbefdb7c66,DESCRIPTION,181;182;186;190,2023-04-18T06:52:47-07:00,2023-04-17T17:13:49-10:00
174c435cafaf2ecb1f6a7bab3cbab72f582120ae,979d3562317ad161b0a979b04b59a6da70418945,DESCRIPTION,181;182;186;190,2023-04-18T06:52:47-07:00,2023-04-17T15:27:08-10:00
174c435cafaf2ecb1f6a7bab3cbab72f582120ae,ba4da7cac66b3b767f358f0be37e63fbefdb7c66,NAMESPACE,181;182;186;190,2023-04-18T06:52:47-07:00,2023-04-17T17:13:49-10:00
174c435cafaf2ecb1f6a7bab3cbab72f582120ae,979d3562317ad161b0a979b04b59a6da70418945,NAMESPACE,181;182;186;190,2023-04-18T06:52:47-07:00,2023-04-17T15:27:08-10:00
174c435cafaf2ecb1f6a7bab3cbab72f582120ae,302e26cdbb9ea6ec84afdd16d38697a2d0f6ce63,NAMESPACE,181;182;186;190,2023-04-18T06:52:47-07:00,2023-04-17T15:48:12-10:00
174c435cafaf2ecb1f6a7bab3cbab72f582120ae,ba4da7cac66b3b767f358f0be37e63fbefdb7c66,R/dv8.R,181;182;186;190,2023-04-18T06:52:47-07:00,2023-04-17T17:13:49-10:00
174c435cafaf2ecb1f6a7bab3cbab72f582120ae,979d3562317ad161b0a979b04b59a6da70418945,R/dv8.R,181;182;186;190,2023-04-18T06:52:47-07:00,2023-04-17T15:27:08-10:00
174c435cafaf2ecb1f6a7bab3cbab72f582120ae,302e26cdbb9ea6ec84afdd16d38697a2d0f6ce63,R/dv8.R,181;182;186;190,2023-04-18T06:52:47-07:00,2023-04-17T15:48:12-10:00
174c435cafaf2ecb1f6a7bab3cbab72f582120ae,ba4da7cac66b3b767f358f0be37e63fbefdb7c66,_pkgdown.yml,181;182;186;190,2023-04-18T06:52:47-07:00,2023-04-17T17:13:49-10:00
174c435cafaf2ecb1f6a7bab3cbab72f582120ae,979d3562317ad161b0a979b04b59a6da70418945,_pkgdown.yml,181;182;186;190,2023-04-18T06:52:47-07:00,2023-04-17T15:27:08-10:00
174c435cafaf2ecb1f6a7bab3cbab72f582120ae,ba4da7cac66b3b767f358f0be37e63fbefdb7c66,man/dependencies_to_sdsmj.Rd,181;182;186;190,2023-04-18T06:52:47-07:00,2023-04-17T17:13:49-10:00
174c435cafaf2ecb1f6a7bab3cbab72f582120ae,ba4da7cac66b3b767f358f0be37e63fbefdb7c66,man/dv8_clsxb_to_clsxj.Rd,181;182;186;190,2023-04-18T06:52:47-07:00,2023-04-17T17:13:49-10:00
174c435cafaf2ecb1f6a7bab3cbab72f582120ae,302e26cdbb9ea6ec84afdd16d38697a2d0f6ce63,man/dv8_clsxj_to_clsxb.Rd,181;182;186;190,2023-04-18T06:52:47-07:00,2023-04-17T15:48:12-10:00
174c435cafaf2ecb1f6a7bab3cbab72f582120ae,302e26cdbb9ea6ec84afdd16d38697a2d0f6ce63,man/dv8_dsmj_to_dsmb.Rd,181;182;186;190,2023-04-18T06:52:47-07:00,2023-04-17T15:48:12-10:00
174c435cafaf2ecb1f6a7bab3cbab72f582120ae,979d3562317ad161b0a979b04b59a6da70418945,man/dv8_gitlog_to_gitnumstat.Rd,181;182;186;190,2023-04-18T06:52:47-07:00,2023-04-17T15:27:08-10:00
174c435cafaf2ecb1f6a7bab3cbab72f582120ae,979d3562317ad161b0a979b04b59a6da70418945,man/dv8_gitnumstat_to_hdsmb.Rd,181;182;186;190,2023-04-18T06:52:47-07:00,2023-04-17T15:27:08-10:00
174c435cafaf2ecb1f6a7bab3cbab72f582120ae,302e26cdbb9ea6ec84afdd16d38697a2d0f6ce63,man/dv8_hdsmb_sdsmb_to_hsdsmb.Rd,181;182;186;190,2023-04-18T06:52:47-07:00,2023-04-17T15:48:12-10:00
174c435cafaf2ecb1f6a7bab3cbab72f582120ae,979d3562317ad161b0a979b04b59a6da70418945,man/dv8_mdsmb_drhier_to_excel.Rd,181;182;186;190,2023-04-18T06:52:47-07:00,2023-04-17T15:27:08-10:00
174c435cafaf2ecb1f6a7bab3cbab72f582120ae,979d3562317ad161b0a979b04b59a6da70418945,man/dv8_mdsmb_to_decoupling_level.Rd,181;182;186;190,2023-04-18T06:52:47-07:00,2023-04-17T15:27:08-10:00
174c435cafaf2ecb1f6a7bab3cbab72f582120ae,302e26cdbb9ea6ec84afdd16d38697a2d0f6ce63,man/dv8_mdsmb_to_flaws.Rd,181;182;186;190,2023-04-18T06:52:47-07:00,2023-04-17T15:48:12-10:00
174c435cafaf2ecb1f6a7bab3cbab72f582120ae,979d3562317ad161b0a979b04b59a6da70418945,man/dv8_mdsmb_to_hierclsxb.Rd,181;182;186;190,2023-04-18T06:52:47-07:00,2023-04-17T15:27:08-10:00
174c435cafaf2ecb1f6a7bab3cbab72f582120ae,ba4da7cac66b3b767f358f0be37e63fbefdb7c66,man/gitlog_to_hdsmj.Rd,181;182;186;190,2023-04-18T06:52:47-07:00,2023-04-17T17:13:49-10:00
174c435cafaf2ecb1f6a7bab3cbab72f582120ae,302e26cdbb9ea6ec84afdd16d38697a2d0f6ce63,man/parse_dv8_architectural_flaws.Rd,181;182;186;190,2023-04-18T06:52:47-07:00,2023-04-17T15:48:12-10:00
174c435cafaf2ecb1f6a7bab3cbab72f582120ae,ba4da7cac66b3b767f358f0be37e63fbefdb7c66,man/parse_dv8_clusters.Rd,181;182;186;190,2023-04-18T06:52:47-07:00,2023-04-17T17:13:49-10:00
174c435cafaf2ecb1f6a7bab3cbab72f582120ae,979d3562317ad161b0a979b04b59a6da70418945,man/parse_dv8_metrics_decoupling_level.Rd,181;182;186;190,2023-04-18T06:52:47-07:00,2023-04-17T15:27:08-10:00
1cb941580916897cc912ae9e07c26952e606b7f0,8b792210830d02c988724ef97bbcb6fbbdc762bf,NAMESPACE,166;179,2023-04-30T14:15:11-10:00,2023-04-30T10:56:18-10:00
391427a06a9e8e11e2305d3f36c0775fb3fe9342,6e35597c092ca6198534844c03f2864145492d1a,DESCRIPTION,202;203,2023-05-02T01:57:54-07:00,2021-07-18T04:09:33-10:00
391427a06a9e8e11e2305d3f36c0775fb3fe9342,a3b4ffc4d212d19e0ec04d19819b8b4bc4f7bb99,DESCRIPTION,202;203,2023-05-02T01:57:54-07:00,2023-04-30T09:59:09-10:00
391427a06a9e8e11e2305d3f36c0775fb3fe9342,a3b4ffc4d212d19e0ec04d19819b8b4bc4f7bb99,R/download.R,202;203,2023-05-02T01:57:54-07:00,2023-04-30T09:59:09-10:00
391427a06a9e8e11e2305d3f36c0775fb3fe9342,a3b4ffc4d212d19e0ec04d19819b8b4bc4f7bb99,R/parser.R,202;203,2023-05-02T01:57:54-07:00,2023-04-30T09:59:09-10:00
391427a06a9e8e11e2305d3f36c0775fb3fe9342,8b792210830d02c988724ef97bbcb6fbbdc762bf,_pkgdown.yml,202;203,2023-05-02T01:57:54-07:00,2023-04-30T10:56:18-10:00
391427a06a9e8e11e2305d3f36c0775fb3fe9342,117a5348897c02b35d4128658f0d92a990f43d91,_pkgdown.yml,202;203,2023-05-02T01:57:54-07:00,2023-04-30T14:47:48-10:00
391427a06a9e8e11e2305d3f36c0775fb3fe9342,a3b4ffc4d212d19e0ec04d19819b8b4bc4f7bb99,man/download_bugzilla_perceval_traditional_issue_comments.Rd,202;203,2023-05-02T01:57:54-07:00,2023-04-30T09:59:09-10:00
391427a06a9e8e11e2305d3f36c0775fb3fe9342,a3b4ffc4d212d19e0ec04d19819b8b4bc4f7bb99,man/parse_bugzilla_perceval_rest_issue_comments.Rd,202;203,2023-05-02T01:57:54-07:00,2023-04-30T09:59:09-10:00
391427a06a9e8e11e2305d3f36c0775fb3fe9342,a3b4ffc4d212d19e0ec04d19819b8b4bc4f7bb99,man/parse_bugzilla_perceval_traditional_issue_comments.Rd,202;203,2023-05-02T01:57:54-07:00,2023-04-30T09:59:09-10:00
391427a06a9e8e11e2305d3f36c0775fb3fe9342,117a5348897c02b35d4128658f0d92a990f43d91,vignettes/_bugzilla_showcase.Rmd,202;203,2023-05-02T01:57:54-07:00,2023-04-30T14:47:48-10:00
391427a06a9e8e11e2305d3f36c0775fb3fe9342,2e16d4df55400c0037c1bc2e518336000e5d9465,vignettes/dv8_showcase.Rmd,202;203,2023-05-02T01:57:54-07:00,2023-04-24T03:34:51-07:00
5a10abec6003a10ffcf90d2e219868513713e3ed,6c2d2aa33f4a35c84f4cf0aae3d85bfdf2f29bd6,man/commit_message_id_coverage.Rd,214;215,2023-06-02T18:43:12-10:00,2020-06-08T22:57:23-10:00
5a10abec6003a10ffcf90d2e219868513713e3ed,a4f7cbc4cb583e25548d7f84cd3330837d58d1eb,man/metric_churn.Rd,214;215,2023-06-02T18:43:12-10:00,2020-06-06T05:58:04-10:00
5a10abec6003a10ffcf90d2e219868513713e3ed,a4f7cbc4cb583e25548d7f84cd3330837d58d1eb,man/metric_churn_per_commit_interval.Rd,214;215,2023-06-02T18:43:12-10:00,2020-06-06T05:58:04-10:00
5a10abec6003a10ffcf90d2e219868513713e3ed,a4f7cbc4cb583e25548d7f84cd3330837d58d1eb,man/metric_churn_per_commit_per_file.Rd,214;215,2023-06-02T18:43:12-10:00,2020-06-06T05:58:04-10:00
5ed6a11f29ff326ccc555214b8fc509b3ddc9221,fccb19f47fbd69214ce2bab29825d2deff712f98,conf/kaiaulu.yml,216;217,2023-06-08T23:29:01-10:00,2022-10-29T18:50:10-07:00
5ed6a11f29ff326ccc555214b8fc509b3ddc9221,0677affcb3e4ca67f4f956880b96bd28391ed3f4,vignettes/download_github_comments.Rmd,216;217,2023-06-08T23:29:01-10:00,2021-09-26T21:02:23-07:00
5ed6a11f29ff326ccc555214b8fc509b3ddc9221,5a003899207fd55980a9d9df1c5584e339854508,vignettes/download_github_comments.Rmd,216;217,2023-06-08T23:29:01-10:00,2021-09-20T04:13:58-07:00
34070da623b3cabb11733ca387b3c86c9badf48b,851097eed2462c437535379fd82d71a101ecf771,R/parser.R,218;219,2023-06-12T02:43:30-07:00,2023-04-13T03:43:40-07:00
34070da623b3cabb11733ca387b3c86c9badf48b,391427a06a9e8e11e2305d3f36c0775fb3fe9342,vignettes/dv8_showcase.Rmd,218;219,2023-06-12T02:43:30-07:00,2023-05-02T01:57:54-07:00
3c19a8beeba960e3b53ae9874062b52450a80905,5a10abec6003a10ffcf90d2e219868513713e3ed,R/metric.R,221,2023-08-31T21:57:28-07:00,2023-06-02T18:43:12-10:00
81f57f875a61606ef66c2aa77deb18972dabe18c,c8c5e02163c9fada80bdb687d54a9f64be5f5bf9,man/git_create_sample_log.Rd,244,2023-11-05T04:09:07-08:00,2023-03-16T00:06:03-07:00
81f57f875a61606ef66c2aa77deb18972dabe18c,c8c5e02163c9fada80bdb687d54a9f64be5f5bf9,man/git_delete_sample_log.Rd,244,2023-11-05T04:09:07-08:00,2023-03-16T00:06:03-07:00
1048efcb7d2f50e9abc1916b870de56cb5d702e5,9b76bf83c820a7554e929aafac9e2c6404529ecf,R/parser.R,244,2023-11-05T04:55:44-08:00,2021-07-19T20:29:37-10:00
67ff85fbc13728c635fb8b143488fa0ec4f5b444,c8c5e02163c9fada80bdb687d54a9f64be5f5bf9,R/git.R,108;227,2023-11-13T07:56:00-08:00,2023-03-16T00:06:03-07:00
67ff85fbc13728c635fb8b143488fa0ec4f5b444,9b2137579609144e98ca27e858edb76e05655eb2,R/git.R,108;227,2023-11-13T07:56:00-08:00,2020-07-03T03:24:48-10:00
67ff85fbc13728c635fb8b143488fa0ec4f5b444,add922b6d1e89ece073b2278f626d35acd8fee4d,R/git.R,108;227,2023-11-13T07:56:00-08:00,2020-07-18T04:15:58-10:00
67ff85fbc13728c635fb8b143488fa0ec4f5b444,2a677424dffc17d3a4cc9561743246d53970f98b,R/parser.R,108;227,2023-11-13T07:56:00-08:00,2020-06-17T03:02:15-10:00
67ff85fbc13728c635fb8b143488fa0ec4f5b444,3e82c14ccf9e1ebd7f035e07b7aecbfabfbe2ee6,man/example_renamed_file.Rd,108;227,2023-11-13T07:56:00-08:00,2023-11-10T05:14:07-08:00
67ff85fbc13728c635fb8b143488fa0ec4f5b444,9b2137579609144e98ca27e858edb76e05655eb2,man/git_checkout.Rd,108;227,2023-11-13T07:56:00-08:00,2020-07-03T03:24:48-10:00
