file_pathname,pattern_type,role
helix-core/src/main/java/org/apache/helix/HelixDataAccessor.java,Factory Method,Creator
helix-core/src/main/java/org/apache/helix/HelixDataAccessor.java,Factory Method,FactoryMethod()
helix-core/src/main/java/org/apache/helix/controller/GenericHelixController.java,Factory Method,Creator
helix-core/src/main/java/org/apache/helix/controller/GenericHelixController.java,Factory Method,FactoryMethod()
helix-core/src/main/java/org/apache/helix/controller/rebalancer/internal/MappingCalculator.java,Factory Method,Creator
helix-core/src/main/java/org/apache/helix/controller/rebalancer/internal/MappingCalculator.java,Factory Method,FactoryMethod()
helix-core/src/main/java/org/apache/helix/HelixManager.java,Factory Method,Creator
helix-core/src/main/java/org/apache/helix/HelixManager.java,Factory Method,FactoryMethod()
helix-core/src/main/java/org/apache/helix/tools/commandtools/ZkCopy.java,Singleton,Singleton
helix-core/src/main/java/org/apache/helix/tools/commandtools/ZkCopy.java,Singleton,uniqueInstance
helix-core/src/main/java/org/apache/helix/util/StatusUpdateUtil.java,Singleton,Singleton
helix-core/src/main/java/org/apache/helix/util/StatusUpdateUtil.java,Singleton,uniqueInstance
helix-core/src/main/java/org/apache/helix/controller/changedetector/trimmer/IdealStateTrimmer.java,Singleton,Singleton
helix-core/src/main/java/org/apache/helix/controller/changedetector/trimmer/IdealStateTrimmer.java,Singleton,uniqueInstance
helix-core/src/main/java/org/apache/helix/controller/changedetector/trimmer/ClusterConfigTrimmer.java,Singleton,Singleton
helix-core/src/main/java/org/apache/helix/controller/changedetector/trimmer/ClusterConfigTrimmer.java,Singleton,uniqueInstance
helix-core/src/main/java/org/apache/helix/controller/changedetector/trimmer/ResourceConfigTrimmer.java,Singleton,Singleton
helix-core/src/main/java/org/apache/helix/controller/changedetector/trimmer/ResourceConfigTrimmer.java,Singleton,uniqueInstance
helix-core/src/main/java/org/apache/helix/controller/changedetector/trimmer/InstanceConfigTrimmer.java,Singleton,Singleton
helix-core/src/main/java/org/apache/helix/controller/changedetector/trimmer/InstanceConfigTrimmer.java,Singleton,uniqueInstance
helix-core/src/main/java/org/apache/helix/controller/rebalancer/constraint/MonitoredAbnormalResolver.java,Singleton,Singleton
helix-core/src/main/java/org/apache/helix/controller/rebalancer/constraint/MonitoredAbnormalResolver.java,Singleton,uniqueInstance
helix-core/src/main/java/org/apache/helix/controller/rebalancer/constraint/dataprovider/ZkBasedCapacityProvider.java,Singleton,Singleton
helix-core/src/main/java/org/apache/helix/controller/rebalancer/constraint/dataprovider/ZkBasedCapacityProvider.java,Singleton,uniqueInstance
helix-core/src/main/java/org/apache/helix/manager/zk/ZKExceptionHandler.java,Singleton,Singleton
helix-core/src/main/java/org/apache/helix/manager/zk/ZKExceptionHandler.java,Singleton,uniqueInstance
helix-core/src/main/java/org/apache/helix/common/caches/TaskDataCache.java,Singleton,Singleton
helix-core/src/main/java/org/apache/helix/common/caches/TaskDataCache.java,Singleton,uniqueInstance
helix-core/src/main/java/org/apache/helix/cloud/topology/FaultZoneBasedVirtualGroupAssignmentAlgorithm.java,Singleton,Singleton
helix-core/src/main/java/org/apache/helix/cloud/topology/FaultZoneBasedVirtualGroupAssignmentAlgorithm.java,Singleton,uniqueInstance
helix-core/src/main/java/org/apache/helix/cloud/topology/FifoVirtualGroupAssignmentAlgorithm.java,Singleton,Singleton
helix-core/src/main/java/org/apache/helix/cloud/topology/FifoVirtualGroupAssignmentAlgorithm.java,Singleton,uniqueInstance
helix-core/src/main/java/org/apache/helix/task/JobDag.java,Singleton,Singleton
helix-core/src/main/java/org/apache/helix/task/JobDag.java,Singleton,uniqueInstance
helix-core/src/main/java/org/apache/helix/model/LiveInstance.java,Singleton,Singleton
helix-core/src/main/java/org/apache/helix/model/LiveInstance.java,Singleton,uniqueInstance
helix-core/src/main/java/org/apache/helix/model/ClusterConstraints.java,Singleton,Singleton
helix-core/src/main/java/org/apache/helix/model/ClusterConstraints.java,Singleton,uniqueInstance
helix-core/src/main/java/org/apache/helix/model/CustomizedStateConfig.java,Singleton,Singleton
helix-core/src/main/java/org/apache/helix/model/CustomizedStateConfig.java,Singleton,uniqueInstance
helix-core/src/main/java/org/apache/helix/model/RESTConfig.java,Singleton,Singleton
helix-core/src/main/java/org/apache/helix/model/RESTConfig.java,Singleton,uniqueInstance
helix-core/src/main/java/org/apache/helix/model/IdealState.java,Singleton,Singleton
helix-core/src/main/java/org/apache/helix/model/IdealState.java,Singleton,uniqueInstance
helix-core/src/main/java/org/apache/helix/model/HealthStat.java,Singleton,Singleton
helix-core/src/main/java/org/apache/helix/model/HealthStat.java,Singleton,uniqueInstance
helix-core/src/main/java/org/apache/helix/model/ResourceConfig.java,Singleton,Singleton
helix-core/src/main/java/org/apache/helix/model/ResourceConfig.java,Singleton,uniqueInstance
helix-core/src/main/java/org/apache/helix/api/config/StateTransitionTimeoutConfig.java,Singleton,Singleton
helix-core/src/main/java/org/apache/helix/api/config/StateTransitionTimeoutConfig.java,Singleton,uniqueInstance
helix-core/src/main/java/org/apache/helix/api/config/HelixConfigProperty.java,Singleton,Singleton
helix-core/src/main/java/org/apache/helix/api/config/HelixConfigProperty.java,Singleton,uniqueInstance
helix-core/src/main/java/org/apache/helix/HelixConstants.java,Singleton,Singleton
helix-core/src/main/java/org/apache/helix/HelixConstants.java,Singleton,uniqueInstance
helix-core/src/main/java/org/apache/helix/monitoring/mbeans/ResourceMonitor.java,Singleton,Singleton
helix-core/src/main/java/org/apache/helix/monitoring/mbeans/ResourceMonitor.java,Singleton,uniqueInstance
helix-core/src/main/java/org/apache/helix/ConfigAccessor.java,(Object)Adapter,Adaptee
helix-core/src/main/java/org/apache/helix/manager/zk/ZKHelixAdmin.java,(Object)Adapter,Adapter
helix-core/src/main/java/org/apache/helix/manager/zk/ZKHelixAdmin.java,(Object)Adapter,adaptee
helix-core/src/main/java/org/apache/helix/manager/zk/ZKHelixAdmin.java,(Object)Adapter,Request()
helix-core/src/main/java/org/apache/helix/manager/zk/ZKHelixManager.java,(Object)Adapter,Adapter
helix-core/src/main/java/org/apache/helix/InstanceType.java,(Object)Adapter,Adaptee
helix-core/src/main/java/org/apache/helix/manager/zk/ZKHelixManager.java,(Object)Adapter,adaptee
helix-core/src/main/java/org/apache/helix/manager/zk/ZKHelixManager.java,(Object)Adapter,Request()
helix-core/src/main/java/org/apache/helix/HelixManagerProperty.java,(Object)Adapter,Adaptee
helix-core/src/main/java/org/apache/helix/messaging/handling/HelixTaskExecutor.java,(Object)Adapter,Adapter
helix-core/src/main/java/org/apache/helix/monitoring/mbeans/MessageQueueMonitor.java,(Object)Adapter,Adaptee
helix-core/src/main/java/org/apache/helix/messaging/handling/HelixTaskExecutor.java,(Object)Adapter,adaptee
helix-core/src/main/java/org/apache/helix/messaging/handling/HelixTaskExecutor.java,(Object)Adapter,Request()
helix-core/src/main/java/org/apache/helix/monitoring/mbeans/ParticipantStatusMonitor.java,(Object)Adapter,Adaptee
helix-core/src/main/java/org/apache/helix/util/StatusUpdateUtil.java,(Object)Adapter,Adaptee
helix-core/src/main/java/org/apache/helix/manager/zk/ZKHelixDataAccessor.java,(Object)Adapter,Adapter
helix-core/src/main/java/org/apache/helix/GroupCommit.java,(Object)Adapter,Adaptee
helix-core/src/main/java/org/apache/helix/manager/zk/ZKHelixDataAccessor.java,(Object)Adapter,adaptee
helix-core/src/main/java/org/apache/helix/manager/zk/ZKHelixDataAccessor.java,(Object)Adapter,Request()
helix-core/src/main/java/org/apache/helix/messaging/handling/HelixStateTransitionHandler.java,(Object)Adapter,Adapter
helix-core/src/main/java/org/apache/helix/messaging/handling/HelixStateTransitionHandler.java,(Object)Adapter,adaptee
helix-core/src/main/java/org/apache/helix/messaging/handling/HelixStateTransitionHandler.java,(Object)Adapter,Request()
helix-core/src/main/java/org/apache/helix/controller/rebalancer/waged/GlobalRebalanceRunner.java,(Object)Adapter,Adaptee
helix-core/src/main/java/org/apache/helix/controller/rebalancer/waged/WagedRebalancer.java,(Object)Adapter,Adapter
helix-core/src/main/java/org/apache/helix/controller/rebalancer/waged/WagedRebalancer.java,(Object)Adapter,adaptee
helix-core/src/main/java/org/apache/helix/controller/rebalancer/waged/WagedRebalancer.java,(Object)Adapter,Request()
helix-core/src/main/java/org/apache/helix/controller/rebalancer/waged/PartialRebalanceRunner.java,(Object)Adapter,Adaptee
helix-core/src/main/java/org/apache/helix/model/ClusterConfig.java,(Object)Adapter,Adaptee
helix-core/src/main/java/org/apache/helix/controller/dataproviders/BaseControllerDataProvider.java,(Object)Adapter,Adapter
helix-core/src/main/java/org/apache/helix/controller/dataproviders/BaseControllerDataProvider.java,(Object)Adapter,adaptee
helix-core/src/main/java/org/apache/helix/controller/dataproviders/BaseControllerDataProvider.java,(Object)Adapter,Request()
helix-core/src/main/java/org/apache/helix/model/Message.java,(Object)Adapter,Adaptee
helix-core/src/main/java/org/apache/helix/messaging/handling/HelixBatchMessageTask.java,(Object)Adapter,Adapter
helix-core/src/main/java/org/apache/helix/messaging/handling/HelixBatchMessageTask.java,(Object)Adapter,adaptee
helix-core/src/main/java/org/apache/helix/messaging/handling/HelixBatchMessageTask.java,(Object)Adapter,Request()
helix-core/src/main/java/org/apache/helix/messaging/handling/HelixTask.java,(Object)Adapter,Adapter
helix-core/src/main/java/org/apache/helix/messaging/handling/HelixTask.java,(Object)Adapter,adaptee
helix-core/src/main/java/org/apache/helix/messaging/handling/HelixTask.java,(Object)Adapter,Request()
helix-core/src/main/java/org/apache/helix/controller/GenericHelixController.java,(Object)Adapter,Adaptee
helix-core/src/main/java/org/apache/helix/HelixManager.java,(Object)Adapter,Adaptee
helix-core/src/main/java/org/apache/helix/spectator/RoutingTableProvider.java,(Object)Adapter,Adapter
helix-core/src/main/java/org/apache/helix/spectator/RoutingTableProvider.java,(Object)Adapter,adaptee
helix-core/src/main/java/org/apache/helix/spectator/RoutingTableProvider.java,(Object)Adapter,Request()
helix-core/src/main/java/org/apache/helix/manager/zk/ZkCacheEventThread.java,(Object)Adapter,Adaptee
helix-core/src/main/java/org/apache/helix/manager/zk/ZkCacheBaseDataAccessor.java,(Object)Adapter,Adapter
helix-core/src/main/java/org/apache/helix/manager/zk/ZkCacheBaseDataAccessor.java,(Object)Adapter,adaptee
helix-core/src/main/java/org/apache/helix/manager/zk/ZkCacheBaseDataAccessor.java,(Object)Adapter,Request()
helix-core/src/main/java/org/apache/helix/controller/dataproviders/ResourceControllerDataProvider.java,(Object)Adapter,Adaptee
helix-core/src/main/java/org/apache/helix/tools/ClusterVerifiers/BestPossibleExternalViewVerifier.java,(Object)Adapter,Adapter
helix-core/src/main/java/org/apache/helix/tools/ClusterVerifiers/BestPossibleExternalViewVerifier.java,(Object)Adapter,adaptee
helix-core/src/main/java/org/apache/helix/tools/ClusterVerifiers/BestPossibleExternalViewVerifier.java,(Object)Adapter,Request()
helix-core/src/main/java/org/apache/helix/manager/zk/ZkCallbackCache.java,(Object)Adapter,Adaptee
helix-core/src/main/java/org/apache/helix/BaseDataAccessor.java,(Object)Adapter,Adaptee
helix-core/src/main/java/org/apache/helix/controller/changedetector/ResourceChangeSnapshot.java,(Object)Adapter,Adaptee
helix-core/src/main/java/org/apache/helix/controller/changedetector/ResourceChangeDetector.java,(Object)Adapter,Adapter
helix-core/src/main/java/org/apache/helix/controller/changedetector/ResourceChangeDetector.java,(Object)Adapter,adaptee
helix-core/src/main/java/org/apache/helix/controller/changedetector/ResourceChangeDetector.java,(Object)Adapter,Request()
helix-core/src/main/java/org/apache/helix/spectator/RoutingTableProvider.java,(Object)Adapter,Adaptee
helix-core/src/main/java/org/apache/helix/manager/zk/ZkBaseDataAccessor.java,(Object)Adapter,Adaptee
helix-core/src/main/java/org/apache/helix/manager/zk/ZkBucketDataAccessor.java,(Object)Adapter,Adapter
helix-core/src/main/java/org/apache/helix/manager/zk/ZkBucketDataAccessor.java,(Object)Adapter,adaptee
helix-core/src/main/java/org/apache/helix/manager/zk/ZkBucketDataAccessor.java,(Object)Adapter,Request()
helix-core/src/main/java/org/apache/helix/controller/rebalancer/constraint/dataprovider/ZkBasedCapacityProvider.java,(Object)Adapter,Adaptee
helix-core/src/main/java/org/apache/helix/controller/rebalancer/constraint/dataprovider/ZkBasedCapacityProvider.java,(Object)Adapter,Adapter
helix-core/src/main/java/org/apache/helix/controller/rebalancer/constraint/dataprovider/ZkBasedCapacityProvider.java,(Object)Adapter,adaptee
helix-core/src/main/java/org/apache/helix/controller/rebalancer/constraint/dataprovider/ZkBasedCapacityProvider.java,(Object)Adapter,Request()
helix-core/src/main/java/org/apache/helix/manager/zk/DefaultParticipantErrorMessageHandlerFactory.java,(Object)Adapter,Adapter
helix-core/src/main/java/org/apache/helix/manager/zk/DefaultParticipantErrorMessageHandlerFactory.java,(Object)Adapter,adaptee
helix-core/src/main/java/org/apache/helix/manager/zk/DefaultParticipantErrorMessageHandlerFactory.java,(Object)Adapter,Request()
helix-core/src/main/java/org/apache/helix/manager/zk/DefaultSchedulerMessageHandlerFactory.java,(Object)Adapter,Adapter
helix-core/src/main/java/org/apache/helix/manager/zk/DefaultSchedulerMessageHandlerFactory.java,(Object)Adapter,adaptee
helix-core/src/main/java/org/apache/helix/manager/zk/DefaultSchedulerMessageHandlerFactory.java,(Object)Adapter,Request()
helix-core/src/main/java/org/apache/helix/controller/rebalancer/constraint/dataprovider/ZkBasedPartitionWeightProvider.java,(Object)Adapter,Adaptee
helix-core/src/main/java/org/apache/helix/controller/rebalancer/constraint/dataprovider/ZkBasedPartitionWeightProvider.java,(Object)Adapter,Adapter
helix-core/src/main/java/org/apache/helix/controller/rebalancer/constraint/dataprovider/ZkBasedPartitionWeightProvider.java,(Object)Adapter,adaptee
helix-core/src/main/java/org/apache/helix/controller/rebalancer/constraint/dataprovider/ZkBasedPartitionWeightProvider.java,(Object)Adapter,Request()
helix-core/src/main/java/org/apache/helix/messaging/handling/MessageHandler.java,(Object)Adapter,Adaptee
helix-core/src/main/java/org/apache/helix/controller/rebalancer/waged/AssignmentMetadataStore.java,(Object)Adapter,Adaptee
helix-core/src/main/java/org/apache/helix/manager/zk/WriteThroughCache.java,(Object)Adapter,Adapter
helix-core/src/main/java/org/apache/helix/manager/zk/WriteThroughCache.java,(Object)Adapter,adaptee
helix-core/src/main/java/org/apache/helix/manager/zk/WriteThroughCache.java,(Object)Adapter,Request()
helix-core/src/main/java/org/apache/helix/manager/zk/ZkCallbackCache.java,(Object)Adapter,Adapter
helix-core/src/main/java/org/apache/helix/manager/zk/ZkCallbackCache.java,(Object)Adapter,adaptee
helix-core/src/main/java/org/apache/helix/manager/zk/ZkCallbackCache.java,(Object)Adapter,Request()
helix-core/src/main/java/org/apache/helix/participant/statemachine/StateModel.java,(Object)Adapter,Adaptee
helix-core/src/main/java/org/apache/helix/messaging/handling/HelixStateTransitionCancellationHandler.java,(Object)Adapter,Adapter
helix-core/src/main/java/org/apache/helix/messaging/handling/HelixStateTransitionCancellationHandler.java,(Object)Adapter,adaptee
helix-core/src/main/java/org/apache/helix/messaging/handling/HelixStateTransitionCancellationHandler.java,(Object)Adapter,Request()
helix-core/src/main/java/org/apache/helix/controller/GenericHelixController.java,(Object)Adapter,Adapter
helix-core/src/main/java/org/apache/helix/controller/GenericHelixController.java,(Object)Adapter,adaptee
helix-core/src/main/java/org/apache/helix/controller/GenericHelixController.java,(Object)Adapter,Request()
helix-core/src/main/java/org/apache/helix/messaging/handling/TaskExecutor.java,(Object)Adapter,Adaptee
helix-core/src/main/java/org/apache/helix/messaging/handling/BatchMessageHandler.java,(Object)Adapter,Adapter
helix-core/src/main/java/org/apache/helix/messaging/handling/BatchMessageHandler.java,(Object)Adapter,adaptee
helix-core/src/main/java/org/apache/helix/messaging/handling/BatchMessageHandler.java,(Object)Adapter,Request()
helix-core/src/main/java/org/apache/helix/monitoring/metrics/MetricCollector.java,(Object)Adapter,Adaptee
helix-core/src/main/java/org/apache/helix/healthcheck/ParticipantHealthReportCollectorImpl.java,(Object)Adapter,Adapter
helix-core/src/main/java/org/apache/helix/healthcheck/ParticipantHealthReportCollectorImpl.java,(Object)Adapter,adaptee
helix-core/src/main/java/org/apache/helix/healthcheck/ParticipantHealthReportCollectorImpl.java,(Object)Adapter,Request()
helix-core/src/main/java/org/apache/helix/messaging/handling/AsyncCallbackService.java,(Object)Adapter,Adaptee
helix-core/src/main/java/org/apache/helix/messaging/DefaultMessagingService.java,(Object)Adapter,Adapter
helix-core/src/main/java/org/apache/helix/messaging/DefaultMessagingService.java,(Object)Adapter,adaptee
helix-core/src/main/java/org/apache/helix/messaging/DefaultMessagingService.java,(Object)Adapter,Request()
helix-core/src/main/java/org/apache/helix/task/assigner/TaskAssigner.java,(Object)Adapter,Adaptee
helix-core/src/main/java/org/apache/helix/task/ThreadCountBasedTaskAssignmentCalculator.java,(Object)Adapter,Adapter
helix-core/src/main/java/org/apache/helix/task/ThreadCountBasedTaskAssignmentCalculator.java,(Object)Adapter,adaptee
helix-core/src/main/java/org/apache/helix/task/ThreadCountBasedTaskAssignmentCalculator.java,(Object)Adapter,Request()
helix-core/src/main/java/org/apache/helix/api/rebalancer/constraint/AbnormalStateResolver.java,Decorator,Component
helix-core/src/main/java/org/apache/helix/controller/rebalancer/constraint/MonitoredAbnormalResolver.java,Decorator,Decorator
helix-core/src/main/java/org/apache/helix/controller/rebalancer/constraint/MonitoredAbnormalResolver.java,Decorator,component
helix-core/src/main/java/org/apache/helix/controller/rebalancer/constraint/MonitoredAbnormalResolver.java,Decorator,Operation()
helix-core/src/main/java/org/apache/helix/HelixAdmin.java,State,State
helix-core/src/main/java/org/apache/helix/manager/zk/ParticipantManager.java,State,Context
helix-core/src/main/java/org/apache/helix/manager/zk/ParticipantManager.java,State,state
helix-core/src/main/java/org/apache/helix/manager/zk/ParticipantManager.java,State,Request()
helix-core/src/main/java/org/apache/helix/examples/Quickstart.java,State,Context
helix-core/src/main/java/org/apache/helix/examples/Quickstart.java,State,state
helix-core/src/main/java/org/apache/helix/examples/Quickstart.java,State,Request()
helix-core/src/main/java/org/apache/helix/examples/WeightAwareRebalanceUtilExample.java,State,Context
helix-core/src/main/java/org/apache/helix/examples/WeightAwareRebalanceUtilExample.java,State,state
helix-core/src/main/java/org/apache/helix/examples/WeightAwareRebalanceUtilExample.java,State,Request()
helix-core/src/main/java/org/apache/helix/tools/ClusterSetup.java,State,Context
helix-core/src/main/java/org/apache/helix/tools/ClusterSetup.java,State,state
helix-core/src/main/java/org/apache/helix/tools/ClusterSetup.java,State,Request()
helix-core/src/main/java/org/apache/helix/task/Task.java,State,State
helix-core/src/main/java/org/apache/helix/task/TaskRunner.java,State,Context
helix-core/src/main/java/org/apache/helix/task/TaskRunner.java,State,state
helix-core/src/main/java/org/apache/helix/task/TaskRunner.java,State,Request()
helix-core/src/main/java/org/apache/helix/HelixManager.java,State,State
helix-core/src/main/java/org/apache/helix/manager/zk/CallbackHandler.java,State,Context
helix-core/src/main/java/org/apache/helix/manager/zk/CallbackHandler.java,State,state
helix-core/src/main/java/org/apache/helix/manager/zk/CallbackHandler.java,State,Request()
helix-core/src/main/java/org/apache/helix/controller/rebalancer/util/RebalanceScheduler.java,State,Context
helix-core/src/main/java/org/apache/helix/controller/rebalancer/util/RebalanceScheduler.java,State,state
helix-core/src/main/java/org/apache/helix/controller/rebalancer/util/RebalanceScheduler.java,State,Request()
helix-core/src/main/java/org/apache/helix/monitoring/ZKPathDataDumpTask.java,State,Context
helix-core/src/main/java/org/apache/helix/monitoring/ZKPathDataDumpTask.java,State,state
helix-core/src/main/java/org/apache/helix/monitoring/ZKPathDataDumpTask.java,State,Request()
helix-core/src/main/java/org/apache/helix/controller/GenericHelixController.java,State,Context
helix-core/src/main/java/org/apache/helix/controller/GenericHelixController.java,State,state
helix-core/src/main/java/org/apache/helix/controller/GenericHelixController.java,State,Request()
helix-core/src/main/java/org/apache/helix/participant/HelixCustomCodeRunner.java,State,Context
helix-core/src/main/java/org/apache/helix/participant/HelixCustomCodeRunner.java,State,state
helix-core/src/main/java/org/apache/helix/participant/HelixCustomCodeRunner.java,State,Request()
helix-core/src/main/java/org/apache/helix/customizedstate/CustomizedStateProvider.java,State,Context
helix-core/src/main/java/org/apache/helix/customizedstate/CustomizedStateProvider.java,State,state
helix-core/src/main/java/org/apache/helix/customizedstate/CustomizedStateProvider.java,State,Request()
helix-core/src/main/java/org/apache/helix/examples/BootstrapProcess.java,State,Context
helix-core/src/main/java/org/apache/helix/examples/BootstrapProcess.java,State,state
helix-core/src/main/java/org/apache/helix/examples/BootstrapProcess.java,State,Request()
helix-core/src/main/java/org/apache/helix/examples/ExampleProcess.java,State,Context
helix-core/src/main/java/org/apache/helix/examples/ExampleProcess.java,State,state
helix-core/src/main/java/org/apache/helix/examples/ExampleProcess.java,State,Request()
helix-core/src/main/java/org/apache/helix/manager/zk/ControllerManagerHelper.java,State,Context
helix-core/src/main/java/org/apache/helix/manager/zk/ControllerManagerHelper.java,State,state
helix-core/src/main/java/org/apache/helix/manager/zk/ControllerManagerHelper.java,State,Request()
helix-core/src/main/java/org/apache/helix/manager/zk/HelixManagerShutdownHook.java,State,Context
helix-core/src/main/java/org/apache/helix/manager/zk/HelixManagerShutdownHook.java,State,state
helix-core/src/main/java/org/apache/helix/manager/zk/HelixManagerShutdownHook.java,State,Request()
helix-core/src/main/java/org/apache/helix/tools/commandtools/ExampleParticipant.java,State,Context
helix-core/src/main/java/org/apache/helix/tools/commandtools/ExampleParticipant.java,State,state
helix-core/src/main/java/org/apache/helix/tools/commandtools/ExampleParticipant.java,State,Request()
helix-core/src/main/java/org/apache/helix/HelixDataAccessor.java,State,State
helix-core/src/main/java/org/apache/helix/task/TaskDriver.java,State,Context
helix-core/src/main/java/org/apache/helix/task/TaskDriver.java,State,state
helix-core/src/main/java/org/apache/helix/task/TaskDriver.java,State,Request()
helix-core/src/main/java/org/apache/helix/messaging/handling/BatchMessageHandler.java,State,Context
helix-core/src/main/java/org/apache/helix/messaging/handling/MessageHandlerFactory.java,State,State
helix-core/src/main/java/org/apache/helix/messaging/handling/BatchMessageHandler.java,State,state
helix-core/src/main/java/org/apache/helix/messaging/handling/BatchMessageHandler.java,State,Request()
helix-core/src/main/java/org/apache/helix/messaging/handling/MessageTimeoutTask.java,State,Context
helix-core/src/main/java/org/apache/helix/messaging/handling/MessageTask.java,State,State
helix-core/src/main/java/org/apache/helix/messaging/handling/MessageTimeoutTask.java,State,state
helix-core/src/main/java/org/apache/helix/messaging/handling/MessageTimeoutTask.java,State,Request()
helix-core/src/main/java/org/apache/helix/spectator/RoutingTableProvider.java,State,Context
helix-core/src/main/java/org/apache/helix/spectator/RoutingTableProvider.java,State,state
helix-core/src/main/java/org/apache/helix/spectator/RoutingTableProvider.java,State,Request()
helix-core/src/main/java/org/apache/helix/participant/StateMachineEngine.java,State,State
helix-core/src/main/java/org/apache/helix/tools/ClusterStateVerifier.java,State,Context
helix-core/src/main/java/org/apache/helix/tools/ClusterStateVerifier.java,State,State
helix-core/src/main/java/org/apache/helix/tools/ClusterStateVerifier.java,State,state
helix-core/src/main/java/org/apache/helix/tools/ClusterStateVerifier.java,State,Request()
helix-core/src/main/java/org/apache/helix/manager/zk/ZKHelixDataAccessor.java,State,Context
helix-core/src/main/java/org/apache/helix/BaseDataAccessor.java,State,State
helix-core/src/main/java/org/apache/helix/manager/zk/ZKHelixDataAccessor.java,State,state
helix-core/src/main/java/org/apache/helix/manager/zk/ZKHelixDataAccessor.java,State,Request()
helix-core/src/main/java/org/apache/helix/task/TaskStateModel.java,State,Context
helix-core/src/main/java/org/apache/helix/task/TaskStateModel.java,State,state
helix-core/src/main/java/org/apache/helix/task/TaskStateModel.java,State,Request()
helix-core/src/main/java/org/apache/helix/monitoring/metrics/model/LatencyMetric.java,State,State
helix-core/src/main/java/org/apache/helix/controller/rebalancer/waged/PartialRebalanceRunner.java,State,Context
helix-core/src/main/java/org/apache/helix/controller/rebalancer/waged/PartialRebalanceRunner.java,State,state
helix-core/src/main/java/org/apache/helix/controller/rebalancer/waged/PartialRebalanceRunner.java,State,Request()
helix-core/src/main/java/org/apache/helix/controller/rebalancer/waged/GlobalRebalanceRunner.java,State,Context
helix-core/src/main/java/org/apache/helix/controller/rebalancer/waged/GlobalRebalanceRunner.java,State,state
helix-core/src/main/java/org/apache/helix/controller/rebalancer/waged/GlobalRebalanceRunner.java,State,Request()
helix-core/src/main/java/org/apache/helix/controller/rebalancer/waged/AssignmentManager.java,State,Context
helix-core/src/main/java/org/apache/helix/controller/rebalancer/waged/AssignmentManager.java,State,state
helix-core/src/main/java/org/apache/helix/controller/rebalancer/waged/AssignmentManager.java,State,Request()
helix-core/src/main/java/org/apache/helix/messaging/DefaultMessagingService.java,State,Context
helix-core/src/main/java/org/apache/helix/messaging/DefaultMessagingService.java,State,state
helix-core/src/main/java/org/apache/helix/messaging/DefaultMessagingService.java,State,Request()
helix-core/src/main/java/org/apache/helix/manager/zk/DefaultParticipantErrorMessageHandlerFactory.java,State,Context
helix-core/src/main/java/org/apache/helix/manager/zk/DefaultParticipantErrorMessageHandlerFactory.java,State,state
helix-core/src/main/java/org/apache/helix/manager/zk/DefaultParticipantErrorMessageHandlerFactory.java,State,Request()
helix-core/src/main/java/org/apache/helix/manager/zk/DefaultSchedulerMessageHandlerFactory.java,State,Context
helix-core/src/main/java/org/apache/helix/manager/zk/DefaultSchedulerMessageHandlerFactory.java,State,state
helix-core/src/main/java/org/apache/helix/manager/zk/DefaultSchedulerMessageHandlerFactory.java,State,Request()
helix-core/src/main/java/org/apache/helix/messaging/handling/HelixStateTransitionHandler.java,State,Context
helix-core/src/main/java/org/apache/helix/messaging/handling/HelixStateTransitionHandler.java,State,state
helix-core/src/main/java/org/apache/helix/messaging/handling/HelixStateTransitionHandler.java,State,Request()
helix-core/src/main/java/org/apache/helix/messaging/handling/HelixTask.java,State,Context
helix-core/src/main/java/org/apache/helix/messaging/handling/MessageHandler.java,State,State
helix-core/src/main/java/org/apache/helix/messaging/handling/HelixTask.java,State,state
helix-core/src/main/java/org/apache/helix/messaging/handling/HelixTask.java,State,Request()
helix-core/src/main/java/org/apache/helix/manager/zk/ZKHelixAdmin.java,State,Context
helix-core/src/main/java/org/apache/helix/manager/zk/ZKHelixAdmin.java,State,state
helix-core/src/main/java/org/apache/helix/manager/zk/ZKHelixAdmin.java,State,Request()
helix-core/src/main/java/org/apache/helix/manager/zk/WriteThroughCache.java,State,Context
helix-core/src/main/java/org/apache/helix/manager/zk/WriteThroughCache.java,State,state
helix-core/src/main/java/org/apache/helix/manager/zk/WriteThroughCache.java,State,Request()
helix-core/src/main/java/org/apache/helix/manager/zk/ZkCallbackCache.java,State,Context
helix-core/src/main/java/org/apache/helix/manager/zk/ZkCallbackCache.java,State,state
helix-core/src/main/java/org/apache/helix/manager/zk/ZkCallbackCache.java,State,Request()
helix-core/src/main/java/org/apache/helix/messaging/AsyncCallback.java,State,Context
helix-core/src/main/java/org/apache/helix/messaging/AsyncCallback.java,State,State
helix-core/src/main/java/org/apache/helix/messaging/AsyncCallback.java,State,state
helix-core/src/main/java/org/apache/helix/messaging/AsyncCallback.java,State,Request()
helix-core/src/main/java/org/apache/helix/participant/HelixStateMachineEngine.java,State,Context
helix-core/src/main/java/org/apache/helix/participant/HelixStateMachineEngine.java,State,state
helix-core/src/main/java/org/apache/helix/participant/HelixStateMachineEngine.java,State,Request()
helix-core/src/main/java/org/apache/helix/participant/CustomCodeInvoker.java,State,Context
helix-core/src/main/java/org/apache/helix/participant/CustomCodeCallbackHandler.java,State,State
helix-core/src/main/java/org/apache/helix/participant/CustomCodeInvoker.java,State,state
helix-core/src/main/java/org/apache/helix/participant/CustomCodeInvoker.java,State,Request()
helix-core/src/main/java/org/apache/helix/common/caches/PropertyCache.java,State,State
helix-core/src/main/java/org/apache/helix/common/caches/PropertyCache.java,State,Context
helix-core/src/main/java/org/apache/helix/common/caches/PropertyCache.java,State,state
helix-core/src/main/java/org/apache/helix/common/caches/PropertyCache.java,State,Request()
helix-core/src/main/java/org/apache/helix/controller/rebalancer/waged/AssignmentMetadataStore.java,State,Context
helix-core/src/main/java/org/apache/helix/BucketDataAccessor.java,State,State
helix-core/src/main/java/org/apache/helix/controller/rebalancer/waged/AssignmentMetadataStore.java,State,state
helix-core/src/main/java/org/apache/helix/controller/rebalancer/waged/AssignmentMetadataStore.java,State,Request()
helix-core/src/main/java/org/apache/helix/messaging/handling/TaskExecutor.java,State,State
helix-core/src/main/java/org/apache/helix/controller/rebalancer/waged/WagedRebalancer.java,State,Context
helix-core/src/main/java/org/apache/helix/controller/rebalancer/waged/WagedRebalancer.java,State,state
helix-core/src/main/java/org/apache/helix/controller/rebalancer/waged/WagedRebalancer.java,State,Request()
helix-core/src/main/java/org/apache/helix/manager/zk/ZKHelixManager.java,State,Context
helix-core/src/main/java/org/apache/helix/manager/zk/ZKHelixManager.java,State,state
helix-core/src/main/java/org/apache/helix/manager/zk/ZKHelixManager.java,State,Request()
helix-core/src/main/java/org/apache/helix/LiveInstanceInfoProvider.java,State,State
helix-core/src/main/java/org/apache/helix/controller/rebalancer/constraint/TotalCapacityConstraint.java,State,Context
helix-core/src/main/java/org/apache/helix/api/rebalancer/constraint/dataprovider/CapacityProvider.java,State,State
helix-core/src/main/java/org/apache/helix/controller/rebalancer/constraint/TotalCapacityConstraint.java,State,state
helix-core/src/main/java/org/apache/helix/controller/rebalancer/constraint/TotalCapacityConstraint.java,State,Request()
helix-core/src/main/java/org/apache/helix/controller/rebalancer/constraint/PartitionWeightAwareEvennessConstraint.java,State,Context
helix-core/src/main/java/org/apache/helix/controller/rebalancer/constraint/PartitionWeightAwareEvennessConstraint.java,State,state
helix-core/src/main/java/org/apache/helix/controller/rebalancer/constraint/PartitionWeightAwareEvennessConstraint.java,State,Request()
helix-core/src/main/java/org/apache/helix/controller/rebalancer/internal/MappingCalculator.java,State,State
helix-core/src/main/java/org/apache/helix/healthcheck/ParticipantHealthReportCollectorImpl.java,State,Context
helix-core/src/main/java/org/apache/helix/healthcheck/ParticipantHealthReportCollectorImpl.java,State,state
helix-core/src/main/java/org/apache/helix/healthcheck/ParticipantHealthReportCollectorImpl.java,State,Request()
helix-core/src/main/java/org/apache/helix/api/rebalancer/constraint/dataprovider/PartitionWeightProvider.java,State,State
helix-core/src/main/java/org/apache/helix/task/ThreadCountBasedTaskAssignmentCalculator.java,State,Context
helix-core/src/main/java/org/apache/helix/task/assigner/TaskAssigner.java,State,State
helix-core/src/main/java/org/apache/helix/task/ThreadCountBasedTaskAssignmentCalculator.java,State,state
helix-core/src/main/java/org/apache/helix/task/ThreadCountBasedTaskAssignmentCalculator.java,State,Request()
helix-core/src/main/java/org/apache/helix/controller/rebalancer/strategy/AutoRebalanceStrategy.java,Strategy,Context
helix-core/src/main/java/org/apache/helix/controller/rebalancer/strategy/AutoRebalanceStrategy.java,Strategy,Strategy
helix-core/src/main/java/org/apache/helix/controller/rebalancer/strategy/AutoRebalanceStrategy.java,Strategy,strategy
helix-core/src/main/java/org/apache/helix/controller/rebalancer/strategy/AutoRebalanceStrategy.java,Strategy,ContextInterface()
helix-core/src/main/java/org/apache/helix/controller/strategy/AutoRebalanceStrategy.java,Strategy,Context
helix-core/src/main/java/org/apache/helix/controller/strategy/AutoRebalanceStrategy.java,Strategy,Strategy
helix-core/src/main/java/org/apache/helix/controller/strategy/AutoRebalanceStrategy.java,Strategy,strategy
helix-core/src/main/java/org/apache/helix/controller/strategy/AutoRebalanceStrategy.java,Strategy,ContextInterface()
helix-core/src/main/java/org/apache/helix/HelixManager.java,Bridge,Implementor
helix-core/src/main/java/org/apache/helix/task/UserContentStore.java,Bridge,Abstraction
helix-core/src/main/java/org/apache/helix/task/UserContentStore.java,Bridge,implementor
helix-core/src/main/java/org/apache/helix/task/UserContentStore.java,Bridge,Operation()
helix-core/src/main/java/org/apache/helix/common/caches/AbstractDataCache.java,Bridge,Abstraction
helix-core/src/main/java/org/apache/helix/common/controllers/ControlContextProvider.java,Bridge,Implementor
helix-core/src/main/java/org/apache/helix/common/caches/AbstractDataCache.java,Bridge,implementor
helix-core/src/main/java/org/apache/helix/common/caches/AbstractDataCache.java,Bridge,Operation()
helix-core/src/main/java/org/apache/helix/task/AbstractTaskDispatcher.java,Bridge,Abstraction
helix-core/src/main/java/org/apache/helix/task/AbstractTaskDispatcher.java,Bridge,implementor
helix-core/src/main/java/org/apache/helix/task/AbstractTaskDispatcher.java,Bridge,Operation()
helix-core/src/main/java/org/apache/helix/controller/GenericHelixController.java,Bridge,Abstraction
helix-core/src/main/java/org/apache/helix/controller/rebalancer/StatefulRebalancer.java,Bridge,Implementor
helix-core/src/main/java/org/apache/helix/controller/GenericHelixController.java,Bridge,implementor
helix-core/src/main/java/org/apache/helix/controller/GenericHelixController.java,Bridge,Operation()
helix-core/src/main/java/org/apache/helix/tools/ClusterVerifiers/ZkHelixClusterVerifier.java,Template Method,AbstractClass
helix-core/src/main/java/org/apache/helix/tools/ClusterVerifiers/ZkHelixClusterVerifier.java,Template Method,TemplateMethod()
helix-core/src/main/java/org/apache/helix/tools/ClusterVerifier.java,Template Method,AbstractClass
helix-core/src/main/java/org/apache/helix/tools/ClusterVerifier.java,Template Method,TemplateMethod()
helix-core/src/main/java/org/apache/helix/participant/AbstractHelixLeaderStandbyStateModel.java,Template Method,AbstractClass
helix-core/src/main/java/org/apache/helix/participant/AbstractHelixLeaderStandbyStateModel.java,Template Method,TemplateMethod()
helix-core/src/main/java/org/apache/helix/controller/pipeline/AbstractAsyncBaseStage.java,Template Method,AbstractClass
helix-core/src/main/java/org/apache/helix/controller/pipeline/AbstractAsyncBaseStage.java,Template Method,TemplateMethod()
helix-core/src/main/java/org/apache/helix/controller/changedetector/trimmer/HelixPropertyTrimmer.java,Template Method,AbstractClass
helix-core/src/main/java/org/apache/helix/controller/changedetector/trimmer/HelixPropertyTrimmer.java,Template Method,TemplateMethod()
helix-core/src/main/java/org/apache/helix/controller/GenericHelixController.java,Template Method,AbstractClass
helix-core/src/main/java/org/apache/helix/controller/GenericHelixController.java,Template Method,TemplateMethod()
helix-core/src/main/java/org/apache/helix/controller/rebalancer/waged/constraints/SoftConstraint.java,Template Method,AbstractClass
helix-core/src/main/java/org/apache/helix/controller/rebalancer/waged/constraints/SoftConstraint.java,Template Method,TemplateMethod()
helix-core/src/main/java/org/apache/helix/controller/rebalancer/strategy/AbstractEvenDistributionRebalanceStrategy.java,Template Method,AbstractClass
helix-core/src/main/java/org/apache/helix/controller/rebalancer/strategy/AbstractEvenDistributionRebalanceStrategy.java,Template Method,TemplateMethod()
helix-core/src/main/java/org/apache/helix/common/DedupEventProcessor.java,Template Method,AbstractClass
helix-core/src/main/java/org/apache/helix/common/DedupEventProcessor.java,Template Method,TemplateMethod()
helix-core/src/main/java/org/apache/helix/common/caches/ParticipantStateCache.java,Template Method,AbstractClass
helix-core/src/main/java/org/apache/helix/common/caches/ParticipantStateCache.java,Template Method,TemplateMethod()
helix-core/src/main/java/org/apache/helix/task/TaskRebalancer.java,Template Method,AbstractClass
helix-core/src/main/java/org/apache/helix/task/TaskRebalancer.java,Template Method,TemplateMethod()
helix-core/src/main/java/org/apache/helix/monitoring/mbeans/ClusterMBeanObserver.java,Template Method,AbstractClass
helix-core/src/main/java/org/apache/helix/monitoring/mbeans/ClusterMBeanObserver.java,Template Method,TemplateMethod()
helix-core/src/main/java/org/apache/helix/messaging/AsyncCallback.java,Template Method,AbstractClass
helix-core/src/main/java/org/apache/helix/messaging/AsyncCallback.java,Template Method,TemplateMethod()
